line_index,categories,aave_text,sae_text
9,S10,Wen u kall a nigga fone n he dont answer dat mean he nevagave a fuck about it,When you call a person's phone and they don't answer that means they never cared about it.Cared about it
15,S10,Old niggas are foul . This nigga just kiss a stripperlike it was his wife,Old people are gross. This friend has just kissed a stripperlike she was his wife
17,S10,My onli wish my nigga keith was here to kill shyt I been on some fuckthe world shyt lately nbs,My only wish is that my friend Keith was here to kill things. I have been down and depressedabout everything lately
18,S12,"I JUST WANNA FUCK YO BESTFRIEND FOR ONE NITE ONLI, ONLI AND WHEN I FUCK YO BESTFRIEND U BET NOT FUCK MY HOMIE","I just want to fuck your best friend for one night only, and when I fuck your best friend, youbetter not fuck my friend"
24,S10,Lets GIVE A ROUD OF APPLAUSE TO THE NIGGAHS AND BITCHES THAT'S REALLY SOFT INPERSON BUT HARD ON TWITTER.,Let us give a round of applause to the ladies and gentlemen that are not as tough in personcompared to their personalities on Twitter
30,S10,"After boyz in tha hood came out, I wonder how many niggas tried shedding some tears and being dramatic to get a girlto give up the goods","After \""Boyz n the Hood\"" came on, I wonder how many guys tried shedding some tears and being dramatic to get a girlto have sex with them"
39,S10,Now niggas dont be surprised also if your woman counts down backwards next timeyou say some stupid shit,"Now, don't be surprised if your woman counts down backwards the next time you say some stupid shit.you say some stupid shit"
43,S4,which are A) she was a lesbian for 15 yrs and B) she got an 11 yr oldwhich means she's had penis,"Which are A) she was a lesbian for 15 years and B) she has an 11 year old,which means she's had sex with a man"
53,S10,I walked up to sum nigga disrespectin a female.I told him I might be a Virgin but I kno a pussy wen I see one...#fukkyhu hittin a lady for,"I walked up to this guy disrespecting a female. I told him I may be a virgin, but I know a pussy when I see one. Why the fuckare you hitting a lady"
64,S10,i got everything i ever wanted be she makes me better rs she better wake up these lil nigga willneva get thy weight up,I have received everything I have ever wanted because she makes me better. She needs to wake them up or they willnever be able to gain weight
74,S12,If u fuckin with me.... Really fuckin with me u go get sum girlsn bring em to me,"If you're my friend, really my friend, go and get some girlsand bring them to me"
78,S10,Hoes wanna know..hoes wanna show..they know a nigga name they know anigga strong (Rick Ross voice),Girls want to know...girls want to show...they know my name they know a..i'm stron
80,S10,I try to let u pussy niggas eat its time to putu pussy boys to sleep,"I tried to feed you boys, now it's time foryou boys to go to be"
89,S12,"I'm what you want. I'm what you need. She got you trapped ill set youfree. Sexually, mentally, psychically, emotionally","I am whom you want and what you need. She has you trapped, but i can set you free, sexually, mentally, psychically, and emotionally."
91,S10,Older the berry the sweeter the juice... Man it's the blacker the berry the sweeter the juice. Well yea sheblack then a muhfucka too,"The older the berry the sweeter the juice. Friend, it is the blacker the berry the sweeter the juice. Well yes, then sheis blacker than others too"
101,S1,"boy teya tryin go see granny, & shit. Ima see doe, imahit ur boost!"" No questions","Boy, Teya is trying to see granny and such. I'm going to see though, i'm going tohit your boost! No questions"
109,S2,I jus call boo and she finished Skool she drink andshe smoke my reefer too...,I just called my girlfriend and she finished schoolshe smoke my joint to
118,S10,It's funny a watching niggas go thru problems like I do but it's not funny when I gothru shit fuck it tho,It is funny watching Negros go through problems like I do but it is not funny when I go  through shit. Fuck it though.
125,S10,U eva bump into a nigga yo age and he STILL take Gang banging serious? At what age do a reference of another gangNOT make u wanna fight?,Have you ever bumped into someone your age and he still takes gang banging seriously? At what age does a reference to another gangnot make you want to fight
134,S10,Shame on ALL you women that has sent off the Shape Challenged womenof the world...shame on yall.,All the women who have sent off the shape  challenged women should be ashamed.of the world. Shame on you
200,S10,Nate is 5'8. Bron is 6'8 of course he will hit him in the face. He's under him. TheNBA is so fucking gay.,"Nate is 5'8\"". Bron is 6'8\"". Of course Bron will hit him in the face. Nate's under him. The NBA is so fucking gay."
216,S10,And If She Trynna Tell Me Im The. Only One Thts Hittin I Say Wht About Them Niggas SheSay Wht About Them Niggas,"And if she is trying to tell me I'm the only one that's hitting, then what about those African Americans?What about them"
223,S12,Cats be like son my first time I ha an orgy with like 10 bitches and they all came 3 times and I ain't evencome I swear to everything,"People are like, son, my first time I had an orgy with like ten women and they all came three times and I didn't even come. I swear."
231,S1,If this lol boy watch another mothafucckin WWE fight on my computer ...Imma body slam his ass,"If this little boy watches another motherfucking WWE fight on my computer, I'm going to body slam his ass."
242,S2,"Smph ""Put a MOLLY in dat bitch drink nd she ain even knw it""realli like that's crazy shit!","Shake my head \""Put a molly in that bitch's drink and she doesn't even know it\""really like that's crazy shit"
250,S1,I got This Feeling On a summer day When you were Gone I crashed my Car into a bridge I threw Your Shit into abag and pushed it down,I got this feeling on a summer day. When you were gone I crashed my car into a bridge. I threw your shit into abag and pushed it down
267,S11,If I hit the powerball I may as well kill myself. Cause my family will beat me down mentally and emotionally beforeI can ever enjoy it!,"If I hit the Powerball, I may as well kill myself because my family will beat me down mentally and emotionally before I can ever enjoy it!"
271,S10,Oh hell nawll black people and chicken don't mix let me get my ahh in this kitchen b4 thesedrunk niiggas eat em up!,"Oh, hell no, black people and chicken don't mix. Let me get myself in the kitchen before these inebriated negros eat it all."
272,S10,I can't go down Auntie monkey house to watch bball dese niggas a be hollin rolltide I'll be like df?,I can't go down to aunt monkey's house to watch basketball these guys are yelling rolltide and i'm like why
282,S4,They also need to be 7-8 pounds straight out the womblol I like big babies,They also need to be seven to eight pounds straight out of the womb.That's funny. I like big babies
291,S4,How You Gone Try && Pop Out At 11 Some Out The Blue At That &&Expect Somebody To Come Outside,How are you going to show up at eleven out of the blue adn expect someone to come outside?
296,S12,With my new bitch rite now I like her style cuz treat me Betta and fuck meBetta we on another level,With my new girlfriend right now. I like her style because she treats me better and fucks me better. We are on another level.
297,S10,"White ppl can come together and make neo Nazi's and us blacka still fightingover blocks, streets and colors","White people can come together and make Neo-Nazis and us blacks still fightingover blocks, streets and colors"
300,S10,Real bitchxs dey lust em hatein niggas disgust em i see u takn em shots deybounce off em its nth,"Real bitches, they lust over the hating black guys. I see you taking those shots today.Bounce them off; it is nothing."
307,S10,This nigga jcole ji OC lol hope my man dont get caughtup for no dumb shit,I just really hope he doesn't get caught up in what JCole is doing.I don't want him to be blamed for something ridiculous
331,S10,"It's not about East or West. It's about niggaz and bitches, power & money, riders & punks. Whichside are you on? ~Makaveli~","It is not about east or west. It is about black men and bitches, power and money, and riders and punks. Whichside are you on? -Makavel"
332,S10,Niggaz aint gone be satisfied till they get the package....all that ass u was foaming at the mouth overgonna cost u your life,They will not be satisfied until they receive the package. It is not worth worrying about.It is going to cost you your life.
352,S10,"S/o to all the niggas that got ""Goin Steady"" as their ringtone for they side bitches...","Shout out to all the men that have \""going steady\"" as their ringtone for their side bitches.."
367,S10,Men ain't shit but bitch they can not take pain but they all ask like bitch fuck face they kiss my black Ass and diereal slow how about it,Men are not the best at having a high pain tolerance. What do you think?
375,S10,these niggas b saying they Heroz false flagging ass Niggaz y'all ain't from crescent. No whodon't like that. Run it,They think they are heroes and it's hard to convince them otherwise. They don't like that.
385,S10,"I think niggas wearing wires so I don't talk that, I think my girl is crazy so I don't beon the phone that much",I think they’re wearing wires so I don’t talk like that. I think my girl is crazy so I’m not on the phone that much.
391,S10,Bulls looking to trade Boozer to the raptors bout fucking time theygot rid of this nigga!!,The Bulls are looking to trade Boozer to The Raptors. About fucking time theygot rid of that man
394,S10,In aver had a girl do that to me cause the kind nigga that I'm ambutI wish a bitch would,I have never had someone do that to me because I don't spend time with people like that. No one would ever try that with me
411,S10,I'm doing 2 much this winter so I can stunt forthe summer...I'm such a nigger,I am doing too much this winter so that I can stunt forthe summer. I am such a black man.
428,S10,"¡Slow Nigga, Whn I Dont Call Yu Backk Tht Meanz STOP FuckinCallin Me!!>> {""VOICEMAIL FULL SMH""}","Slow down, black man. When I do not call you back that means stop fuckingcalling me. Voicemail is full; shaking my head"
431,S10,Fuck picnics (except niggaQ) Fuck Clubs (Maybe VirgoBash if the homies peace dat out) Just RedCups and my living room,Fuck picnics (except black man). Fuck clubs; maybe VirgoBash if the homies peace that out. Just redcups and my living room
464,S10,Sign Me!! im the C.E.O of My Own Record label!  .. iCan Sign Niggas and Myself!,Let me sign this contract!! I'm the Chief Executive Officer of my own record label! I can sign anyone including mysel
473,S10,*sigh* every middle class nigga gonna get dat base model of BenzCLA later this year watch..m,"All the middle class people will buy that same model of Benz.By the end of the year they will, I bet"
475,S10,I dislike so many of the Black Men that work downtown cuz they sooofucking lame as a whole.,I dislike so many of the Black men that work downtown because they are sofucking lame as a whole
477,S10,that nigga john wall ballin jus tryin see if he can do it ere nite ye step on thefloor he could had 50,"That black man, John, was just trying to see if he can do it every night he steps on thefloor. He could have had 50"
478,S10,"money, career, etc don't knock the lame out a nig...I jus see em andshake my head down here",There is no amount of money or a job too great that would make it worth it.I can't believe that's how they are acting
479,S6,u aint gotta pay dat high ass price if u use (she like a Master in Taxcuz her degrees say so),You don't have to pay such a high price for help with your taxes. She is qualified.She went to school and has a degree
480,S10,"10 niggas.... You gone fight 10 niggas for yo nigga.. Suicide""I Said The Sam Thing","10 men... you are going to fight 10 men for your man... Suicide.\""I said the same thing"
486,S11,Bitch sit ur ass down somewhere b4 I make u drink ur own blood I make more money then her I haveNO REASON 2 HATE! SUCKaDICK,"You should sit down and stop doing what you are doing before I hurt you. I make more money than she does, and I do not have any reason to resent that. You should suck on a penis"
500,S2,U eva on train and your eyes lock on the 1 person u know u gotta steal on 1st if shitbroke out? Naw? Ok nvm,"Are you ever on the train and you see someone who you believe you would have to punch if a fightstarted? No? Okay, never mind"
514,S10,den if he do cook he ghey? See no win...they confused B. Theysingle cuz they Damaged Goods.,"So you're saying that if he cooks he is gay? There is no way to win, I'm confused. They are single because they are damaged goods."
529,S10,fyi dat doesn't motivate me...My normal gene pool makes me naturally fit...you lil niggazhave to work for it.,"For your information, that doesn't motivate me... My normal gene pool makes me naturally fit... you little boyshave to work for it"
532,S10,Liquor all on my breath.. Bitches all in my sight! Real niggas trynafuck.. Fuck niggas wanna fight,I've been drinking Liquor you can smell it on my breath.  I see some ladies.  People who act real who are black are trying to fuck.  People want to fight who are black
543,S10,"These bitches get around. Even the ones you swore didn't, they do too.""Can'tput sht past these hoes","These bitches get around. Even the ones you swore didn't, they do too.\"" I can'tput shit past these hoes"
554,S10,Anybody who did is a bitch nigga for being fake tellem I said that lls,Anyone who would act like that is not a nice person. They are fake.I don't care if they know I said that.
557,S10,"Why do black people think you'll remember a person if they say a name twice? ""You rememberJohnny?"" ""No just black people","Why do black people think you will remember a person if you say their name twice? \""You remember Johnny?\"". No, just black people do."
559,S12,I wanna lick you from your head to your toes but I'm lying I hate feet so I'll lick fromyour head to you know,"I want to lick you from your head to your toes.  But I'm lying. I hate feet, so I'll lick from your head to you know where"
565,S10,Every real nigga know if you tryna fuck a girl.. You gon do what yougotta do to fuck her,"Every high quality man knows if you want to have sex with a girl, You are going to dowhatever it takes to have sex with her"
567,S10,Just scene a nigga with a cardboard license plate not even in the windowjust straight in the car,Just saw a fellow African american with a cardboard license plate not even in the window of the carJust right in the car
572,S10,White lady was straight leanin on the black postal lady smh thoughtI had to record it,A white lady was literally leaning on the black postal lady. I’m shaking my head. I thoughtI had to record it.
576,S10,"Donte biggy smalls Chian faith Evans and I'm lil Kim ""Lil Kim got betta pussy","Donte, Biggy Smalls, Chian, Faith Evans and me are the same.Lil Kim is better than that"
599,S10,If the nigga dnt want u he dnt want u changing his number to another phone to talk to his other bitches still meanshe dnt want u! dumbass,If he broke up with you then he is no longer interested. He changed his number so he could talk to other women.He is no longer interested and you need to accept that
603,S10,"wtf yo, i just fucked my leg up in a bus accident.. stupid assdriver ""sue them niggas bro",I can't believe how badly my leg is hurt from a bus accident.You should sue the driver
607,S10,MerrillHood Nigga Ah Bitch Cant Get the Rest Of Me Acky Nd The kitchen Ad HeFlipping Up The recipe .......,I'm not going to let her get to me.I'm going to change up the recipe
616,S10,Jameis Winston is the man on Florida St campus. I highly doubt he has to rape any bitch. That white bitch want money2 pay off student loans,Jameis Winston is the big man on campus at Florida State.  I highly doubt he has to rape any woman.  That white girl wants moneyto pay of student loans
620,S10,Bitch Calling Niggas There Brothers & Cousins After They G Her OutSmh!!! Shit Bitches Say Lmao,"The woman was calling those guys \""brothers\"" and \""cousins\"" after they gave her a date rape drug!I'm shaking my head in amazement.  Women say some crazy things.  I'm laughing so hard"
626,S4,That LITTLE UGLY GIRL HOTT IMA LET HER THINK SHE DID SOMETHING SHE ANIT DO SHIT HER MAN BEGGIN ME TO STOP SO ILLDO ..I GUESS SHE SICK,"That little, ugly, girl is hot. I am going to let her think she did something that she is not doing. Shit, her man is begging me to stop so I will.I guess she is sick."
643,S10,"Omg without makeup Yall bitches are beasts,even so Yall goes look like Homer Da Clown! Fuckin return of Daliving dead Kmsl ..just saying*","Oh my gosh, without makeup, all of you bitches are beasts. Even so, you all look like Homer da Clown! Fucking return of the living dead. I am killing myself laughing, I am just saying"
661,S10,This nigga just folded chicken up .....he a beast and cantbe stop .....they gotta foul,This guy just pushed that chicken over. He is a beast and cannotbe stopped. They need to foul
681,S11,let me find out bitches on twitter talking shit bout something that happen last year. kill yourself hoe .,"Don’t let me find out that bitches on Twitter are trash talking about something which happened last year. Kill yourself, hoe."
707,S12,All dat education and still having to suck dick in the back of the DatingGame has to be humbling...,All that education and still having to suck dick in the back of the Dating   Game has to be humbling
708,S1,Sideline security guard back prolly broken after such a clean hit. Somebody about tocash in on disability soon!,The sideline security guard’s back is probably broken after such a direct hit. He is about to be able to get disability benefits soon
714,S12,"I figga if u can bring ya self to even do some hoe acts, your fargone. Eg GangBang by Hoopsquad","I figure if you can bring yourself to even perform some whore acts, you're fargone (e.g., Gang Bang by Hoop Squad)"
735,S12,merchhhh u can . Awee nd go talk to dhat lil bitchdat wanna fuck widdchuu !!!,Merch u can. And go talk to that little bitchthat wants to fuck with you
747,S10,"im done with dealing with a nigga that aint mines like that chapterof my life ova """,I am done with dealing with a individual that is not mine because that chapterof my life is over
752,S2,If u hustle still got 2 have a 9 2 5 keep them laws off urass and them thirsty hoes,"If you hustle, you still have to have a nine to five job to keep law enforcement off yourass and them thirsty hoes."
764,S12,"Haha MY MAN! Big Dante what's good wit it send me thosevideos lol""need ur number again","How funny, my man! Big Dante, how is it going? Send me thosevideos. I'm laughing - I need your number again"
768,S10,And fly niggas come third cause he might aint gt no money but he can still pull dabaddest bitch in da building,"And a stylish black person comes third because he may not have any money, but he can still attract themost attractive woman in the building"
769,S2,u let Lil Wayne hit u mind ass well let me hit for 1200wen I get my taxes,"You allowed Lil Wayne have sexual relations with you, in that case you should consider me as well for 1200when I receive my taxes"
771,S10,People Be Like I Kan Draw!!!!WTF This A Damn Stick Figure....Response: Best OneEver....Me: Shiiidd...Response: Nigga Fuck You,"People tell me I can draw. What the fuck. This is a damn stick figure. They tell me, \""This is the best oneever!\"". I say, \""shit.\"" They respond, \""Fuck you.\"
772,S1,need a lockout corner josh Wilson be lunchin they cheated for you doe I locked boy up and the ball wentpass his head I died,Josh wilson checks out of the game in his head but his team helped him to cheat. I got the guy tripped up on the court and the ball went                                                         pasr his head and I died laughing
774,S8,"THIS CHIEF KEEF CD MITE BE THE CD OF THE CENTURY I SWEAR!!!""future mixtape betterlls"" NAW CHEIF KEEF VOICE","This Chief Keef CD might be the CD of the century, I swear! A future mix tape will be betterwith Chief Keef's voice"
782,S12,"Rotflmmfao Kd screaming "" Do Yo Dance On My Dick Ooo Baby I Love It!! "" Lol My Momma ""Kd stfu "" Dying Laughing!!!","I'm rolling on the floor laughing my fucking ass off. This kid is screaming, \""Do your dance on my dick. Oh, baby I love it!\"" I'm laughing at my mom saying,\""Kid, shut the fuck up.\"" I'm dying laughing"
784,S10,"lol mane nun trippin of theze hoez OG she said she'll fuck my nigga to mak me mad, dats wat i wnther dumass to do anyway","Laughing out loud, the main one of these whores is tripping. Original gangster, she said she'll fuck my black person to make me mad. That's what I wanther dumb ass to do anyway"
808,S10,Up watching NBA TV... This nigga Isaih is boring as hell. He need to stick to coaching or beinga GM or some shit...,I'm awake and watching the NBA on TV. This player Isaih is as boring as hell. He needs to stick to coaching or beinga GM or something
819,S1,This lil boy in the salon just hit me so Iclipped him and he cried,"This young boy within the salon just hit me, so Ipurposefully ruined his haircut, causing him to cry"
824,S3,If a woman got on a matching Bra and Panty set on when she take off her clothes she knew shewas gone let you hit,"If a woman is wearing a matching bra and panties set when she takes off her clothes, she knewshe was going to let you have sex with her"
830,S2,i cant relate to dis shyt doe.. i dont know how tomake cocaine.. idk a cuban...,"I can't relate to this shit, though. I don't know how tomake cocaine. I don't know a Cuban"
831,S10,Niggas dnt understand stop tryna be bout that life cuz being about thatlife can get u 6feet,"Black people don't understand that they need to stop trying to be about that life, because being about thatlife can get you six feet under"
833,S1,Hoq do u stop five black men from rapin a whitewoman? Throw them ah basketball,How do you stop five black men from raping a whitewoman? Throw them a basketball.
836,S10,NIGGAZ KNW THEY CAN FRONT DATS Y I WAKE UP SAY MY PRAYERS N B LIKEFUCK A NIGGA IM 3hunna,"Black people know they can pretend. That's why I wake up, say my prayers and act likefuck a black person, I'm 300"
845,S9,dis ur homie SIX still streamin k104 all da every da frm D M I Crooked Letter Crooked Letter can i get a s/opla T James my Gold,"This is your homie Six. I'm still streaming K104 all day, every day from DMI. Can I get a shout out!Play T. James, my gold"
847,S10,& u stuck up chicks wonder why the so called ugly & or fat girls getting all the good men its cause they don'texpect man to do everything,And you stuck up women wonder why the so called ugly and/or fat women get all of the good men. It’s because they dont'expect their man to do everything.
867,S10,Oh and s/o to whatever damn sigma that was outside my window yelling and woke me up out of me sleep but its yo dayso be out my nigga,"Oh, and shout-out to whichever damn Sigma that was outside my window yelling and woke me up out of my sleep, but it's your day   so go out, my black person"
868,S10,"Boy you niggas be wiggin ova these hoes. Bustin' windows, goin to jail n shi..smh""sound like some female ish",You boys are going crazy over these girls. Breaking windows and going to jail? Shaking my head.It sounds like some womanly shit
873,S1,Lol and act of self defense it will be and trust I will be the only one who will be able to tell myside of the story lol,"Laughing out loud, it will be an act of self defense and trust me, I will be the only one who will be able to tell myside of the story, laughing out loud"
881,S10,"""when my daddy went to jail aint none of his boys came around or helped me out when i was down soits fuck them niggas now""","When my daddy went to jail, none of his friends came around or helped me out when I was struggling. Soit's fuck those guys now"
898,S10,Let my people out them chains nigga i mean handcuffs time to man up put my hands up fuck u saying bruh cause im ablack man in a phantom,"Let my people out of their chains, man. I mean handcuffs. Time to man up and put my hands up. What the fuck are you saying - because I'm a black man, I'm a phantom"
899,S10,Were is the gurl black China tell ha I'm looking for her n my future voiceCTFU ! She Wants TETE,"Where is the girl Black China? Tell her I'm looking for her and my future voice,cracking the fuck up! She wants head"
902,S10,"Anthony ole Grizzly Bear Looking Ass Just Got Threw Hibernating Now Finna Eat The HseUp , Fucking Pig !","Anthony old grizzly bear-looking ass just got through hibernating, now fixing to eat the houseup, fucking pig"
910,S1,No cause We gone cut yo fingers off and fry Em.FYM so be prepared HOMES,"No, because we are going to cut your finger off and fry them.Fuck you motherfucker - so be prepared, Homes"
916,S12,. Lookin Ad Baby Sleepin Like Ah Baby Body So Amazin Drive Mhe Krazy Um Bout Ta Wake Uu Uhp Gurl IIWanna Sex Uu Uhp ...!,"I'm looking at my baby sleeping, thinking \""Oh baby, your body is so amazing. It drives me crazy. I'm about to wake you up, girl. Iwant to have sex with you!\"
918,S10,. Dnt Even Trip Mfs On Twitter Sneak Dissin &&'d Dese Hoes Stay Taken Mhe As A Joke Like BytchIi Kill Uu Goofy .,"Don't even overreact, motherfuckers on Twitter insult sneakily and these whores act likes it's a joke. Bitch,I'll kill you, goofy"
923,S1,Swaggang Hitman I Think Im A.Goff ridein wit Two Bitches And My BluntsGone Make You cough (:,"Swaggering hit man, I think I'm A.Goff riding with two bitches and my bluntsare going to make you cough"
933,S10,Yhu One Bitch Made Nigga Pussy Ass Nigga Fuck Around And Get Layed Down ThatsHow We Play It Nigga!,"You're one bitch-made black person, pussy ass black person. Fuck around and get knocked down. That'show we play it, black person"
936,S10,See you the type of bitch ah nigga dont wife yhu come with two manyproblems and it aint right!,"See, you're the type of bitch a black person doesn't marry. You come with too manyproblems and it's not right"
941,S11,family is going to be with you Forever. Im going to hold my own self down i think i know whati did wrong hear .,"Family is going to be with you forever. I'm going to hold myself down, I think I know whatI did wrong here"
946,S10,"Niggas are hilarious.. They scream ""i like bad bitches"" and kids mothers look like a pennywit a whole in it..""ha!!!","People are hilarious. They scream, \""I like bad bitches\"" and their mothers look like a pennywith a hole in it. I'm laughing"
947,S10,"sike I just heard a nigga say that I dont lie to any1""he's 1 of a kind",Just joking! I just heard that guy say that I don't lie to anyone.He's one of a kind
954,S12,Y should i get suspended i didn't thro a puNch nothing just askher to cum out Side,"You should know I got suspended. I did not throw a punch, however. I just askedher to come outside."
987,S10,.on jesus im ready for WATEVAH im tried of dhese no training having asz niggah dats living paycheck to pay check .!,"Oh, Jesus. I’m ready for whatever. I’m tired of these negros having no training that are living paycheck to paycheck!"
999,S10,Why my dude just tweet: Are you Jewish? Cause you givin' me a look like Jewish this dickwas in your mouth. Lmmfao,"Why did my friend just Tweet \""Are you Jewish? Because you are giving me a look like you wish this peniswas in your mouth.\"" Laughing my mother fucking ass off."
1001,S12,Special sunday shoutout to the old church lady wit the seethrou suit on P.S like the way yo stockings double up as abra too Stupid sexy lol,"Special Sunday shout-out to the old church lady with the see through suit on. P.S. I like the way your stockings double up as abra too, stupid sexy, that's funny"
1031,S1,I Be Ready To Punch MFs In They Throat OMS Thats Why I Always BeQuite I'm Bipolar Asl Nbs.!,"I am ready to punch the motherfuckers in their throat. Oh my science! That is why I am alwaysquiet. I am bipolar. Age, sex, and location"
1036,S10,It's all in fun though. Everybody know light skin chicks withthin 'staches got fat asses,"It is all in fun, though. Everybody knows that light-skin chicks withthin mustaches have fat asses."
1037,S10,I ain't da prettiest nigga but damn bitch I juss said hello fuku mean its my job..,"I'm not the most handsome guy but damn, bitch, I just said hello. Fuck,you're mean. It's my job"
1041,S12,"Hairy pussy is not to be eaten, u can fuck it tho, don'tturn it down completely ""","Hairy vaginas are not meant to have cunnilingus preformed upon it. You can have sex with it though, don't turn it down completely"
1043,S10,A nigga ain't never around when he on top! But will do everything in his power to bringyou down when he down,A guy is never around when he's on top! But he will do everything in his power to bringyou down when he's down.
1049,S8,Attention: All Mets fans send out tweets as much as possible 4 Cuban 1b Jose Abreu thisoffseason 2 become a Met,Attention: All Mets fans send out Tweets as much as possible for Cuban. 1: Be Jose Abreu thisoffseason. 2: Become a Met
1055,S2,Watchu knoe bout stuffin bandz in a cerial box Tellin young'ns lemme know if theysee cops on the block,"What do you know about stuffing bands in a cereal box? Telling children; \""Let me know if yousee cops on the block.\"""
1058,S1,"""BITCH I HOPE THE FUCK U DO YOU'LL BE A DEAD SON OF AH BITCHILL TELL YEW DET!!"" LMFAOOOOOOOOOOOOOO","Bitch, I fucking hope you do. You'll be a dead son of a bitch,I'll tell you that! I'm laughing"
1085,S10,Niggas a snitch on a niggaaa at work then somebody come snitch rite on them and den theybe sick ass shit lls,"Dude is an informer on another guy at work, then somebody tattles right on them and then theyare frustrated, hahaha"
1088,S10,All I see on ig is pictures with quotes talkin bout niggas this niggas dat I'mbout done with that shit,"All I see on Instagram, is pictures with quotes talking about; \""People this, people that\"". I'mabout done with that shit"
1099,S12,I didn't try to hold your hand g. I HELD that shit. Just likehow I grabbed that ass,"I didn't try to hold your hand, dude. I held that shit, just likehow I grabbed that ass"
1107,S5,"Who wanna buy d tape of rocko running and guwop kickin him in ass. Wit my house shoes on lol.I want 250k"" I'm dead!!!","Who would want to buy the tape of Rocko running and Guwop kicking him in the ass. With my shoes on, haha.\""I want $250,000\"" I'm laughing so hard"
1114,S10,Every nigga den taught sumthing to a chick dat she took over to her new guy...udeserve nothing from that tutoring...,Every person then taught something to a woman that she transferrred to her new boyfriend. Youdeserve nothing from those lessons
1115,S10,"I don't think Ye is ghey, I think he just aimmature lil nigga with talent...",I don't think Ye is gay. I think he's just animmature little guy with talent..
1118,S10,I hate u phathom degree having niggaz too! Why even speak on it? Shit I don't even knowwhere my degree is located!,I hate you white acting degree fellow African Americans.  Why even brag about it?  Shitwhere my degree is located
1121,S2,U mogs with no experience expecting 6 figgaz outta school blowme...who sell yall these dreams???,"You guys with no experience, expecting six figures out of school? Blowme... Who sold you all these dreams??"
1125,S2,If anyone need a good furance installer for LOW fuck with me uknow I got it (info),If anyone is looking for a good furnace installer for a cheap price let me know.I have contact info for someone
1132,S10,"They don't really want it with us, say they want it with us, theydon't don't want it nigga","They do not really want to get with us. They say they want to get with us, theydo not want to get with us"
1135,S11,"109 hard ""yes gawd""how u get up there so fast"" I'maddicted and now I'm stuck","109 is hard. \""Yes, God. How do you get up there so fast?\"" I amaddicted and now I am stuck."
1142,S10,wrd 2 the wise if u runnin a train on a jank dont evr B the nigga gettin head 1st cuz the head gone B wack cuxshe gone B gettin dicked,"Just to let you know if you are ever having an orgy with a woman and other men are there don't ever be the person getting oral sex performed on you by the woman, because the oral sex is going to be of poor quality due to the fact thatthe woman is going to be getting screwed"
1143,S12,So u gone tell me by me bring a gentlemen and the man my motha raised me 2I payed for the pussy?,"So you're going to tell me that by being a gentleman and the man my mother raised me to be,I paid for the pussy"
1153,S12,Man if I have roommates I would make sure sex sounded like a murder scene forget beingrespectful you gone hear that,"Man, if I have roommates, I would make sure sex sounded like a murder scene. Forget beingrespectful, you are going to hear that"
1157,S12,"Take me for who I am if you don't like itsuck my dick...."" Well damn","Take me for who I am, if you do not like itsuck my dick. Well, damn"
1160,S12,Imma be gettin hella sex dis wk since Govt workers aint got no jobs. Feel like a18yr old on Fall Break!,I am going to be getting a lot of sex this week since Government workers don't have jobs. I feel like a 18 year old on Fall Break!
1165,S10,"AND SOME OF THA MOST UGLIEST BITCHES/NIGGAZ I EVA SAW IN MAH LIFE WAS LIGHT SKINNED.SO STFU WIT ALL DAT ""DARKSKINNED PPL IS UGLY"" SHIT.","Some of the most ugly bitches or guys I have ever seen in my life were light skinned. So shut the fuck up with all that \""darkskinned people are ugly\"" shit"
1170,S5,"MEEK MILL RAP LIKE HE JUST RAN FROM THE COPS AND HE EXPLAININGWHAT JUST HAPPENED"" ahhh lmfaoo",Meek Mill raps like he just ran from the cops and he is explainingwhat just happened. That is so funny.
1177,S5,Just lost respect for dicky v calling Arian foster a prostitutebad choice of words vitale,"I just lost respect for Dicky V. Calling Arian Foster a prostitute?Bad choice of words, Vitale"
1182,S4,Good morning. It's to early to be playin games like I'm a grown ass man to be dealin with lil ass kid shit soon that note swerve bitch,"Good morning. It's far too early for me to deal with your issues, I am a grown man and I do not feel like dealing with all of this immaturity soin that regard, I would request you that you stop"
1187,S10,Idgaf wat a bitch or a nigga thank n fuck allat bstalkin kuz ya breff stank,I don't give a fuck what a bitch or a man think and fuck all that bullshittalking because your breath stink
1194,S2,Then off to my friend house I got some beer I'm about todrink till I pass out..,Then off to my friend's house. I got some beer. I am about todrink until I pass out.
1201,S10,It kill me when hoe tryin play da Niggah job and da Relationship an her job at da same time ..lolno her Niggah a bitch,"I can't believe it when a whore's trying to handle the man's job and the relationship and her job at the same time. That's funny;no, her man's a bitch"
1203,S10,"Bitches be claiming they holding they nigga down but while he not around fucking anythingin sight we see y'all""","Women are claiming they are keeping thier boyfriend, but while he is not present, they are having sex with anythingin sight. We see you all"
1205,S6,ok ill go today do I have to use it before I style my hair or can Iput it on it now,"Ok, I'll go today. Do I have to use it before I style my hair or can Iput it on now"
1211,S10,"Dez hoes fo anyone n they know it, it's just dez lames niggas who don't see, dez hoes some hood rats n they it, Iknow exactly where they be",Those women are not nice and they know it. They are lame and they don't realize that they are ruining their lives.I knew exactly where we would find them.
1212,S1,THIS herd 2 kids was living that yolo life at electric zoo. yall betterdo like bran nubian and,"This post. I heard there were 2 kids living that \""you only live once\"" life at \""Electric Zoo\"". You all betteract like Bran Nubian and"
1220,S10,Lmao bears fans harassed tony d on twitter like nigga getyour mind right and believe,"That's funny; Bears fans harassed Tony D on Twitter, saying, \""Man, get\""your thoughts in order and believe.\"
1251,S5,Miley Cyrus is campaigning for that black card and that line from Jay wasa boost to her ego.,"Miley Cyrus is campaigning for that black card, and that line from Jay wasa boost to her ego"
1253,S10,I hate when my nigga spend the night I'm always no sleep game dating fatniggas Tuh damn stop snoring,"I hate when my friends spend the night- I'm prefer having no sleep, dating fatpeople that don't ever damn stop snoring"
1255,S10,"If Zimmerman walks, black people will be mad 2 days then will forget all about it.Fake ass civil rights activist","If Zimmerman walks, black people will be mad for two days then forget all about it.Fake civil rights activists"
1258,S4,"Then they want u to b committed""same thing with these young boys thoughbut they lie about it","Then they want you to be committed, the same thing with the children, thoughthey lie about it"
1260,S10,"and lame as fuck! Except Leroy, u can tell he a real nigga,even CT wants no problems","...and lame as fuck, except for Leroy, you can tell that he is a tough,even CT doesn't want any problems"
1277,S10,How You Got A Nigga Wit A Wheel But Ya Ass On The Broad Street Line Ya Pussy Must Not Be ThatGood For A Car Ride,"How do you have a man with a car but you are still on broad street, you must not be good enough for a car ride"
1281,S10,Like ya don't understand no matter how much bs we go through thismy straight nigga 4real 4real,Most people will never know how much turmoil my friend and i go throughmy straight n word for real for rea
1289,S1,If u gone be my ole lady we RIDE R DIE them hoes cross you illl jump off anhit one in the eye.,"If you are going to be my girlfriend then you should know, I always have your back! If a girl bothers you i will step up andput them in their place"
1314,S5,What's up with this Mia girl? Is she a crack head? I need for them to revealthat on the show ASAP,What is up with Mia? Is she an idiot? I need to learnthat on the show as soon as possible
1316,S10,Fuk wit me wrong take me out my zone n ill nock the mutha fukin snow off of yo cone my niggas man itstank in this bitch mus,"If you fuck with me wrong, and take me out of my zone, I'll knock the motherfucking snow off of your cone, my pals. Man, itstinks in this bitch"
1318,S12,"Lmao I'm on a drought so the next nigga that I have sex with, WE GO TOGETHER cause I ain'tWith the drought life ""","Laughing my ass off. I'm in a drought, so the next black person I have sex with will become monogamous with me because I'm notin agreement with with a drought-style life"
1335,S3,"If u love a girl just get her pregnant. She might not stop being a Hoe but at least she'llhave to text u back""",If you love a woman just get her pregnant.  She might not stop having sex with other guys but at least she willhave to text you back
1344,S10,At the end of the day a niggah will be a niggah and if you play with me i will show thats something you should know atthe end of the day,"At the end of the day a guy will be a guy and if you bother me, I'll let you know about it atthe end of the day"
1349,S10,"Blacks will trade drake to the whites if white girls stop saying yolo.Whites reply H.Y.F.R"" so wrong","Black people will trade Drake to white people if it would make white girls stop saying \""yolo\"".White people replying \""H.Y.F.R\"" is so wrong"
1351,S10,Lmfao I know the crowd like nigga please PLEASE don't stage dives/o to the remix !,"I know the crowd, dude please PLEASE don't stage diveto the remix"
1357,S8,lol ugh yea for free... Nobody payed for that album yet ...links were posted that night and flexplayed it a min before,Yes for free... Nobody has payed for that album yet ...links (to the album) were posted that nightplayed it shortly befor
1372,S10,Dorian a true nigga... He been homeless twice (aka sleeping on his girlcouch) and got two girlfriends,"Dorian is a true African American. He’s been homeless twice, sleeping on his girlfriend’s couch, and has two girlfriends."
1374,S2,I got my fit for Toma u can catch me on the beach man with agallon of 1800 real tlk,"I have my outfit for tomorrow. You can catch me on the beach, man, without aconcern for hurting anyone's feelings"
1389,S10,It's crazy niggss I was fucking when I was broke say I'm acting funnynow...we all gone eat b,It's crazy black people that I was sleeping with when I had no money that say I'm acting funnynow. We're all going to eat b
1411,S10,I never wanna go back out there to many fake tough niggas I fuck around n try to rob everybody lmao.I be outta town die,I never want to go back out there. Too many dishonest people I mess around with and try to rob everybody. That's hilarious.I'm out of town
1425,S10,MASS APPEAL GO HARD DAT SHIT GO DUMB! DATS WAT THE FUCK I'M TAMBOUT CASS KEEP SPAZZIN ON D'S GOOFAS FUCK NIGGAS ECSP WK-MZ,"Mass appeal, be aggressive! That situation is stupid. That's what the fuck I'm talking about. Cass keeps overreacting to D's mistake so much, black people, especially WK-MZ"
1448,S10,she ain't eem fooling with black men tho so we wouldn't even haveto worry about that lol,She is not even fooling around with black guys though so we would not even have to worry about that laugh out loud
1460,S10,It's no fuckin way I'd be driving a 06 range rover WITH PAYMENTS just to say I gottarange rover. Nigga are stupid,There is no way I would drive a 2006 Range Rover with payments just to be able to say that I have aRange Rover. That's stupid
1480,S2,If u seen what i seen u would sell drugs to if the shoe was on the other foothow could I judge u,"If you’d seen what I’ve seen you would sell drugs too. If the shoe was on the other foot, how could I judge you?"
1484,S8,pls save all comment til end of book...pls and thanks...den alley oopbook 2 ya Prophtyes lmao,"Please save all comments until the end of the book. Please and thank you. Then, send The book to your Prophytes. That's funny, I'm laughing"
1493,S10,Gmfu think I going to wash them dishes hell now got other kids and its noteven my go nigros trippy,They got me fucked up if they think I'm going to wash those dishes. Hell no. They got other kids and it's noteven my turn. People are crazy
1499,S12,He know how to turn me all the way on Lhh kissing nd bitting on my neck nd feelingmeh & ^_^||,He knows how to turn me all the way on. I love how kissing and biting on my neck and feelingme and cat
1508,S10,Deng has 5 Fouls so its a wrap for him... Boozer too.. But thatdamn nigga Butler killing us,"Deng has five fouls, so it's over for him... Boozer too. But thatdamn guy Butler is killing us"
1528,S10,naw bra she came at me like she always do and i shut her fat kneck ass down u goelearn bitch 2 respoect people,"No, man, she came at me like she always does, and I shut her fat neck ass down. You have to learn, bitch, to respect people"
1543,S1,"I aint gone lie,sumtimes im scard of being myself bt wanna kill those who make me feel dat way though its my fault btcant help who I am","I not going to lie, sometimes I am scared of being myself but I want to kill those who make me feel that way though it is my fault butI can't help who I am"
1547,S10,"if yo lady got one, you prolly need to add to your game. Vibrators and dildosshould damage a niggas ego.","If your girlfriend has one, you should get better at sex. Vibrators and dildos should be embarrassing to you. You should be embarrassed."
1564,S12,"Lmaoooo ,nawl hoe ,yeen smackin shit ,only one touchin my ass is KENDRAVIUS , && hoemy ass aint sloppy neither","Laughing my ass off, no, whore, you're talking shit. The only one touching my ass is Kendravius and, whore,my ass isn't sloppy either"
1565,S10,"Is it wrong for females to use a nigga for pleasure ,??? I mean niggasuse females all the time","Is it wrong for women to use a man for pleasure? I mean, menuse women all the tim"
1598,S10,Pop pussy baby show them niggAHs you ain't scared in here. Shake them titties baby shoe then niggayou ain't scared in here,Girl is showing off her goods with no fear. Dont be afraid.
1605,S1,"Smh Pull, pull pull yo track pull them out your hair she gonna scream tillthey all fall down everywear","Shaking my head. Pull, pull, pull your track. Pull them out of your hair. She is going to scream untilthey all fall down everywhere."
1620,S10,I hate dis clown ass nigga mane I don't believe shythe say smh lol rs,I hate this clown-ass black man. I do not believe shithe says. Shaking my head. Laughing out loud. Real shit.
1630,S10,I'm being true. I was expecting word dat Rose been killing niggaz bynow...nothing in the circuit. Nada!,I'm going to be true. I was expecting word of that Rose person killing brothers bynow... Yet I've heard nothing. Nothing
1632,S8,"naw, i think i used the video the publisher had on website...its not dat hard...but denagain imma Techie 2 so....","No, I think I used the video the publisher had on the website. It's not that hard. But thenagain, I'm technically proficient, too, so.."
1637,S4,that's how I felt about my baby bros...18 and 16 and they was my shadows and I changed they stinkydiapers. Both on twitter now,"That's how I felt about my younger brothers, who are 18 and 16. They were my shadows, and I changed their stinkydiapers. They are both on Twitter now."
1665,S10,"Bitches ain't shit! Females want a loyal dude but can't evenbe loyal to their friends""",Women aren't worth anything! Females want a loyal man but can't evenbe loyal to their friends
1671,S12,Can I just get a blow job fr the crack ofmy hairy ass kmsl Jp,"Can I just get a blow job? For real, the crack of my hairy ass, killing myself laughing, just playing"
1672,S10,"-Chillin In The Dark Like A Real Nigga.!""naw that's some penitentiary shit gettinraped real nigga shit lmfao",Sitting in the dark like a real man. Now that's some jail type talkand like real talk.
1673,S10,If a bitch go to food stamp building and the security guard signsher in.. She's a whore,"If a bitch goes to the food stamp building, and the security guard signsher in... She's a whore"
1674,S10,"Light skin niggas upset everywhere about this new Instagram shyt""them niggasglad in the low lmao","Light-skinned black people everywhere are upset about this new Instagram shit. Those black peopleare happy with the secret, and I'm laughing my ass off"
1676,S10,"That nigga don't do shxt for you, but when he downtalkin a bitch you satisfied.","That man doesn’t do anything for you, but when he talks down to a woman, you’re satisfied"
1692,S2,Saw one of those son of a guns in a yard on my way hometoday. Right near stole him.,I saw one of those son of a guns in a yard on my way hometoday. I right near stole him.
1694,S1,Man fuck dat hoe man my nigga n dem had dathoe n the Bryan Frazier,"Man, fuck that hoe. Man, my brother and them had thathow, and then Bryan Frazier"
1695,S2,Think about wat my life could b that's when I pourup n light this weed,"Think about what my life could be, that's when I poura drink and smoke this marijuana"
1704,S1,If dis rachet hoe dnt txt me bck>> ima walk to haa housend slap haa ugly ass!,rachel has been ignoring the texts. I am going to confront her. I will put her in her place
1725,S1,I Seen It Wit My Own Eyes. Shit Was Real MyNicca Str8 Kilt Her !,I saw it with my own eyes. Shit was real myn-word. He killed her
1736,S6,dont try this at home kids ...okay i will try itat my friends house then...,"Don't try this at home kids... Okay, I will try itat my friend's house then.."
1740,S10,R U TIRED OF HITIN THE BEAUTY SUPPLY AND COPPIN THAT BLACK NO.1! IS YOUR WIG BUSTED DISCUSTED FRYD DYED LEANIN2 DA SIDE HIT UP,"Are you tired of hitting the beauty supplies and copying that black number one? Is your wig busted, disgusted, fried, dyed, and leaningto the side? Hit me up."
1751,S10,Dnt cum my way fa nth Dnt hit my line fa nth fony ass fuckniggas u niggas is nth,"Do not come my way for nothing. Do not hit my line for nothing, phone ass fuckblack guys, you black guys are nothing."
1778,S11,like i got alot of back& front thoo....he b wantin ah bitchdat look anorexic n ish,"I have a lot of weight on the back and front of my body, but he wants a bitchthat looks like she's anorexic and shit"
1786,S2,That boy we try to get him some drugs any kind of way! SMH!!!!!! He don't carewhat person he will use!,This guy is an addict.He will use anyone.
1793,S10,"Dante can't talk I seen that video with that black fastsweaty girl. "" lmfaoooooo dooooog.","Dante can't talk. I've seen that video with the fast and sweaty black girl.\"" I'm laughing my fucking ass off, dog"
1795,S10,"u already . Its da truth."" Already sis niggas anit sliding witt us thenthe clip riden on em","You already. It's the truth.\"" Already black females aren't going with us, thenthe clip is riding on them"
1813,S4,… The Mfers I Fucked w/ In My Grammar && Middle School Daysx I Don't Even Fuck w/ Now . Mfers Den Changed ! ButFuck Em I'm Makin $$$,"The people that I hung out in high school and middle school days, I don't even talk to now. They changed. But they don't matter, I'm making money."
1827,S1,let me throw a basketball and a stick at yo headand see if cry !,Permit me to throw a basketball and a stick at your headand see if I weep
1844,S2,"My Mama Finna Go To My Grandma House, And Miesha Finna ComeOver And We Finna Smoke","My mom is getting ready to go to my grandma's house, and Miesha is getting ready to come over. We're going to smoke."
1848,S10,now u see how a Nigga be feel in !?! But don't say fuckmee I been here woop,Here is how I feel. Everyone has been there.
1853,S1,I just look like this don't get it twisted I will fuck youup and leave you stankin.,"I just look like this. Don't mistake me, I will hurt youand leave you for dead."
1860,S10,Light skin chics spoiled because y’all dudes wanna eat them out and not hit nowshe think she the shyt,Light-skinned women are spoiled because all of you men want to perform oral sex on them and not have intercourse. Nowthey think they're the best
1894,S10,A nigga rather be with the hoe than to be with the female who heldthem down...I don't get it,A black man rather be with the hoe than to be with the female who heldthem down. I do not get it.
1898,S12,"Getting your ass ate feels so violating I could never look at him the same again"" have aseat under the bed bih","Having your ass eaten is such a violation. I could never look at him the same way again. Have a seat under the bed, bitch"
1899,S10,"If a nigga don't like me he hating.."" Naw maybe theyjust don't like ya ass","\""If someone doesn't like me, they're hating.\"" No, maybe theyjust don't like you"
1907,S10,nigga was overrated at QB. And the other niggas out shinned him in scrimmage. He played in hstho. He should be good,"The black person was overrated as a quarterback. And the other black people outshone him in scrimmage. He played in high school,though. He should be good"
1912,S2,Ok yall we got a NNBT in full affect ~Nukka Needing Bus Tickets~ if you know or suspect someone of knowing who gotsome Get at yo dude,The writer needs transport and tickets to a busplease share
1932,S11,", BROKE hoes will never get it TRYING to argue w / Me over a DICK catch your LIFE beforeit falls out the WINDOW",Broke women will never get anywhere trying to argue with me over a man. Catch your life beforeit falls out the window
1939,S10,I love her to death but she still a hoe and I'm still a nigga soyou know how that go,I really do like her but she is what she is and I am still a man. I will take my shot with her.
1940,S1,But He Got One Moe Time To Hit Me Wit That JacketAnd Ima Beat His Ass,But he has one more chance to hit me with that jacketand I'm going to beat his ass
1943,S10,"Niggas be like ""Babe, I can give you the world. She be like ""Give me your phoneHe be like ""Holdup uhhhh....","Dudes say, \""Babe, I can you the world.\"" And then she says, \""Give me your phone.\""Then he says, \""Wait a minute, uh...\"
1954,S7,"llssss fuck he at""son he came out the creases and and was geekin askin 21questions for ur address lmfao",Please fuck. He is at someone he came out the creases and was geeking. Asking 21questions for your address. Laughing my fucking ass off
1961,S11,Man fuk it ion get her at all like wtf disjunk burn me up man,"Man fuck it, I don't get her at all, like what the fuck is thisstuff, it makes me angry, man"
1963,S11,First day of school imma bless my lungs then imma be friends with my teachers soI can get good grades,On the first day of school I'm going to smoke. Then I'm going to be friends with my teachers sothat I can get good grades
1969,S10,Aye mogs out here still accepting badly built mulatto chicks cuzthey got good hair tho?,"Hey, guys are still out here accepting badly built mulatto-colored girls becausethey have good hair"
1972,S10,My TL is looking for trouble 2nite I see...u niggaz are the ppl my parents told me2 stay away from lol,"My true love is looking for trouble tonight, I see. You black men are the people my parents told meto stay away from. Laugh out loud."
1979,S10,"2 all the old niggaz going to they old yard to""help"" the freshmen move in...lol","To all the old dudes going to their old yard toto \""help\"" the freshmen move in... I'm laughing"
1989,S10,I totally get why niggaz give up and just play thesystem to barely survive...its EASY!,I totally get why black people give up and just play thesystem to barely survive. It's easy
1994,S10,it will take for the niggaz to be moved to burbsand whites regain the city.,What will it take for the black men to be moved to the suburbsand the whites to regain the city
1998,S1,There is a 6'2 325 Pound woman that works near my gig...I bald my fist upeverytime she walks past me.,There is a 6'2 woman that works near my job. I guard myself every time she walks past me.
1999,S12,"Regardless of its true or not shid thats my nigga ,if iwanna fckk him on a plane 3,000 ft in thaafckkin air imma do it","Regardless of whether it's true or not, shit, that's my man. If I want to fuck him on a plane 3,000 feet in thefucking air, I'm going to do it"
2002,S10,"All these hoes out here really think they snatchin, hoe yo pussy the onlything that these nigga smashing","All these whores in this location really believe they're stealing. Whore, your vagina is the onlything that these black people are having intercourse with"
2003,S10,"""If you cant control ya edges ...I already know you cantcontrol ya nigga"" "" dfl","\""If you can't control your hairline, I already know you can't control your man.\"" I'm dying from laughter"
2010,S10,"My friend a bad dike & she ain't even know it!!""who u subtweeting yo "" notu yo! The other Tarnetta","My friend is a bad dike, and she doesn't even know it!\"" Who are you subtweeting?\"" NotYou! The other Tarnetta"
2012,S10,Don't no why kendrick put this nigga sorry nigga Meek mill in the rappers henamed bra can't rap.... Cont,"I do not know why Kendrick put this black man, sorry black man, Meek Mill in the rappers. Henamed the bra and cannot rap. Cont"
2013,S10,"""Act right"" who say that wack sHit these niggas wack don't do my west coastmusic u lame motha fuckers","\""Act right\"" - who says that nonsense? These people are crazy. Don't do my West Coastmusic, you lame motherfuckers."
